{"Routes": {"routes": [{"description": "", "short_name": "", "color": "FF0000", "is_active": true, "bounds": [34.676815, -82.837631, 34.726254, -82.767008], "agency_id": 639, "text_color": "FFFFFF", "long_name": "Red Route", "url": "http://www.catbus.com/home/red.html", "type": "bus", "id": 4006902}, {"description": "", "short_name": "", "color": "00FFFF", "is_active": false, "bounds": [34.675671, -82.951706, 34.703163, -82.825394], "agency_id": 639, "text_color": "FFFFFF", "long_name": "Seneca Express", "url": "http://www.catbus.com/home/seneca-route.html", "type": "bus", "id": 4006904}, {"description": "", "short_name": "", "color": "0000FF", "is_active": false, "bounds": [34.680801, -82.99781, 34.699611, -82.939512], "agency_id": 639, "text_color": "FFFF00", "long_name": "Seneca Business Loop", "url": "http://www.catbus.com/home/seneca-route.html", "type": "bus", "id": 4006906}, {"description": "", "short_name": "", "color": "00FF00", "is_active": false, "bounds": [34.63071, -82.835464, 34.675907, -82.765928], "agency_id": 639, "text_color": "000000", "long_name": "Pendleton Route", "url": "http://www.catbus.com/home/pendleton.html", "type": "bus", "id": 4006910}, {"description": "", "short_name": "", "color": "FF9933", "is_active": false, "bounds": [34.675919, -82.84535, 34.681431, -82.837252], "agency_id": 639, "text_color": "000000", "long_name": "Orange Route", "url": "", "type": "bus", "id": 4007080}, {"description": "", "short_name": "", "color": "6600CC", "is_active": false, "bounds": [34.674185, -82.842804, 34.678572, -82.837252], "agency_id": 639, "text_color": "000000", "long_name": "Purple Route", "url": "", "type": "bus", "id": 4007082}, {"description": "", "short_name": "", "color": "0000FF", "is_active": false, "bounds": [34.67305, -82.835464, 34.676362, -82.829517], "agency_id": 639, "text_color": "000000", "long_name": "Blue Route", "url": "", "type": "bus", "id": 4007084}, {"description": "", "short_name": "", "color": "FF99FF", "is_active": false, "bounds": [34.676815, -82.837631, 34.713844, -82.787727], "agency_id": 639, "text_color": "000000", "long_name": "Red Express", "url": "", "type": "bus", "id": 4007086}, {"description": "", "short_name": "", "color": "603311", "is_active": true, "bounds": [34.691, -82.8325, 34.858025, -82.413221], "agency_id": 639, "text_color": "FFFFFF", "long_name": "Amtrak Thruway", "url": "", "type": "bus", "id": 4007976}, {"description": "", "short_name": "", "color": "BD9E39", "is_active": false, "bounds": [34.640451, -82.864181, 34.655138, -82.788837], "agency_id": 639, "text_color": "FFFFFF", "long_name": "Highpointe/Pier - TCTC", "url": "", "type": "bus", "id": 4008302}, {"description": "", "short_name": "", "color": "7F7F7F", "is_active": false, "bounds": [34.643212, -82.864181, 34.674738, -82.836807], "agency_id": 639, "text_color": "FFFFFF", "long_name": "Highpointe/Pier - CU", "url": "", "type": "bus", "id": 4008304}, {"description": "", "short_name": "", "color": "000000", "is_active": false, "bounds": [34.643212, -82.864181, 34.682386, -82.837687], "agency_id": 639, "text_color": "FFFFFF", "long_name": "Highpointe/Pier - Downtown Clemson", "url": "", "type": "bus", "id": 4008306}, {"description": "", "short_name": "", "color": "FFFF00", "is_active": false, "bounds": [34.659061, -82.9565, 34.685417, -82.922531], "agency_id": 639, "text_color": "0000FF", "long_name": "Seneca Residential Loop", "url": "http://www.catbus.com/home/seneca-route.html", "type": "bus", "id": 4009306}, {"description": "", "short_name": "", "color": "c6dbef", "is_active": false, "bounds": null, "agency_id": 639, "text_color": "000000", "long_name": "Special Events", "url": "", "type": "bus", "id": 4009966}, {"description": "", "short_name": "", "color": "FF0000", "is_active": false, "bounds": [34.676815, -82.837631, 34.713844, -82.787727], "agency_id": 639, "text_color": "FFFFFF", "long_name": "Red Truncated", "url": "", "type": "bus", "id": 4010050}, {"description": "", "short_name": "", "color": "3182BD", "is_active": false, "bounds": [34.706705, -82.787827, 34.726254, -82.761004], "agency_id": 639, "text_color": "000000", "long_name": "Walmart-SWU", "url": "", "type": "bus", "id": 4010054}], "success": true}, "Announcements": {"announcements": [{"title": "Detour due to construction", "has_content": true, "agency_id": 639, "urgent": false, "date": "2018/04/04", "id": 10009087}, {"title": "Hwy 93 / Centennial to Cherry - Construction", "has_content": true, "agency_id": 639, "urgent": false, "date": "2018/01/02", "id": 10006179}, {"title": "CLOSED: Westbound Sikes Hall Bus Stop ", "has_content": true, "agency_id": 639, "urgent": false, "date": "2018/02/28", "id": 10008443}], "success": true}, "currentInfo": {"vehicles": [{"load": 0.102564, "num_cars": null, "segment_id": 4203193, "timestamp": 1522898457000, "apc_status": "up", "agency_id": 639, "heading": 112, "route_id": 4006902, "call_name": "400", "current_stop_id": 4176678, "position": [34.679577, -82.83462], "speed": 6.3, "id": 4012747}, {"load": 0.051282, "num_cars": null, "segment_id": 4203155, "timestamp": 1522898463000, "apc_status": "up", "agency_id": 639, "heading": 24, "route_id": 4006902, "call_name": "401", "current_stop_id": 4176708, "position": [34.677625, -82.83018], "speed": 4e-06, "id": 4012749}, {"load": 0.0, "num_cars": null, "segment_id": null, "timestamp": 1522898435000, "apc_status": "up", "agency_id": 639, "heading": 355, "route_id": 4007976, "call_name": "Sprinter", "current_stop_id": null, "position": [34.858124, -82.41329], "speed": 4e-06, "id": 4013801}], "success": true}, "Stops": {"success": true, "stops": [{"code": "10092", "description": "Clemson", "url": "", "parent_station_id": null, "id": 4176620, "position": [34.662123, -82.818444], "location_type": "stop", "name": "Tiger Town Village East"}, {"code": "13613", "description": "Clemson University", "url": "", "parent_station_id": null, "id": 4176622, "position": [34.675671, -82.831729], "location_type": "stop", "name": "Hendrix Center East"}, {"code": "1578", "description": "Clemson University", "url": "", "parent_station_id": null, "id": 4176624, "position": [34.675907, -82.835464], "location_type": "stop", "name": "ELC"}, {"code": "1579", "description": "Seneca", "url": "", "parent_station_id": null, "id": 4176626, "position": [34.684417, -82.9516], "location_type": "stop", "name": "Downtown Railroad Park"}, {"code": "1581", "description": "Clemson", "url": "", "parent_station_id": null, "id": 4176628, "position": [34.683323, -82.837631], "location_type": "stop", "name": "Downtown Clemson/Student Bookstore"}, {"code": "1583", "description": "Central", "url": "", "parent_station_id": null, "id": 4176630, "position": [34.724428, -82.780571], "location_type": "stop", "name": "Downtown Central/Caboose"}, {"code": "1584", "description": "Seneca", "url": "", "parent_station_id": null, "id": 4176632, "position": [34.69743, -82.964478], "location_type": "stop", "name": "Commons Square"}, {"code": "1585", "description": "Clemson", "url": "", "parent_station_id": null, "id": 4176634, "position": [34.695976, -82.823761], "location_type": "stop", "name": "Creekside Apts."}, {"code": "1591", "description": "Pendleton", "url": "", "parent_station_id": null, "id": 4176636, "position": [34.647019, -82.76746], "location_type": "stop", "name": "Cherry Rd. @ Edgewood Square"}, {"code": "1592", "description": "Clemson", "url": "", "parent_station_id": null, "id": 4176638, "position": [34.699871, -82.824348], "location_type": "stop", "name": "Charleston Ave./Lawrence Rd./Old Central Rd."}, {"code": "1593", "description": "Central", "url": "", "parent_station_id": null, "id": 4176640, "position": [34.711632, -82.791153], "location_type": "stop", "name": "Central Post Office/University Village Apts."}, {"code": "1598", "description": "Clemson", "url": "", "parent_station_id": null, "id": 4176642, "position": [34.693993, -82.802078], "location_type": "stop", "name": "C.E.V. Office"}, {"code": "1600", "description": "Seneca", "url": "", "parent_station_id": null, "id": 4176644, "position": [34.676655, -82.954994], "location_type": "stop", "name": "6th St. @ Oak St."}, {"code": "1602", "description": "Seneca", "url": "", "parent_station_id": null, "id": 4176646, "position": [34.668034, -82.922531], "location_type": "stop", "name": "Goddard Ave. @ Wells Hwy/Utica"}, {"code": "1603", "description": "Clemson University", "url": "", "parent_station_id": null, "id": 4176648, "position": [34.675774, -82.831772], "location_type": "stop", "name": "Hendrix Center West"}, {"code": "1605", "description": "Clemson", "url": "", "parent_station_id": null, "id": 4176650, "position": [34.701, -82.796104], "location_type": "stop", "name": "Ingles - Hwy. 93"}, {"code": "1607", "description": "Seneca", "url": "", "parent_station_id": null, "id": 4176652, "position": [34.690338, -82.984245], "location_type": "stop", "name": "Lowes/BI-LO/Keowee Village"}, {"code": "1610", "description": "Clemson", "url": "", "parent_station_id": null, "id": 4176654, "position": [34.694813, -82.833382], "location_type": "stop", "name": "LeMans Apts."}, {"code": "1611", "description": "Seneca", "url": "", "parent_station_id": null, "id": 4176656, "position": [34.682354, -82.950287], "location_type": "stop", "name": "Seneca Library"}, {"code": "1612", "description": "Seneca", "url": "", "parent_station_id": null, "id": 4176658, "position": [34.690746, -82.992493], "location_type": "stop", "name": "Magnolia Plaza"}, {"code": "1613", "description": "Seneca", "url": "", "parent_station_id": null, "id": 4176660, "position": [34.681999, -82.93335], "location_type": "stop", "name": "Main @ 6th St."}, {"code": "1614", "description": "Pendleton", "url": "", "parent_station_id": null, "id": 4176662, "position": [34.650982, -82.783775], "location_type": "stop", "name": "Downtown Pendelton"}, {"code": "1617", "description": "Seneca", "url": "", "parent_station_id": null, "id": 4176664, "position": [34.674995, -82.926315], "location_type": "stop", "name": "Oconee Community Theatre"}, {"code": "1618", "description": "Seneca", "url": "", "parent_station_id": null, "id": 4176666, "position": [34.694801, -82.986183], "location_type": "stop", "name": "Oconee Medical Center"}, {"code": "1620", "description": "Pendleton", "url": "", "parent_station_id": null, "id": 4176668, "position": [34.634503, -82.785287], "location_type": "stop", "name": "Pendelton Bi-Lo"}, {"code": "1622", "description": "Pendleton", "url": "", "parent_station_id": null, "id": 4176670, "position": [34.652468, -82.775826], "location_type": "stop", "name": "Pendleton Town Hall"}, {"code": "1625", "description": "Seneca", "url": "", "parent_station_id": null, "id": 4176672, "position": [34.680801, -82.988686], "location_type": "stop", "name": "Radio Station Road-DMV"}, {"code": "1626", "description": "Central", "url": "", "parent_station_id": null, "id": 4176674, "position": [34.713844, -82.787727], "location_type": "stop", "name": "Recreation Center/Library (A)"}, {"code": "1628", "description": "Seneca", "url": "", "parent_station_id": null, "id": 4176676, "position": [34.682865, -82.944298], "location_type": "stop", "name": "Senior Solutions"}, {"code": "1629", "description": "Clemson University", "url": "", "parent_station_id": null, "id": 4176678, "position": [34.679501, -82.834778], "location_type": "stop", "name": "Sikes Hall - East"}, {"code": "1630", "description": "Seneca", "url": "", "parent_station_id": null, "id": 4176680, "position": [34.683169, -82.94192], "location_type": "stop", "name": "E South 2nd Street @ Holland Ave"}, {"code": "1631", "description": "Central", "url": "", "parent_station_id": null, "id": 4176682, "position": [34.726254, -82.767008], "location_type": "stop", "name": "Southern Wesleyan University"}, {"code": "1632", "description": "Clemson", "url": "", "parent_station_id": null, "id": 4176684, "position": [34.694775, -82.823006], "location_type": "stop", "name": "The Gallery"}, {"code": "16323", "description": "Clemson", "url": "", "parent_station_id": null, "id": 4176686, "position": [34.70213, -82.802053], "location_type": "stop", "name": "Clemson Area Transit Headquarters"}, {"code": "16324", "description": "Clemson", "url": "", "parent_station_id": null, "id": 4176688, "position": [34.701665, -82.80653], "location_type": "stop", "name": "The Enclave"}, {"code": "16327", "description": "", "url": "", "parent_station_id": null, "id": 4176690, "position": [34.696814, -82.827322], "location_type": "stop", "name": "Creekside Apts (Old Central)"}, {"code": "1633", "description": "Central", "url": "", "parent_station_id": null, "id": 4176692, "position": [34.707832, -82.791374], "location_type": "stop", "name": "The Reserve Apts."}, {"code": "1635", "description": "Pendleton", "url": "", "parent_station_id": null, "id": 4176694, "position": [34.640451, -82.788837], "location_type": "stop", "name": "TCTC"}, {"code": "1637", "description": "Seneca", "url": "", "parent_station_id": null, "id": 4176696, "position": [34.689907, -82.99781], "location_type": "stop", "name": "Wal-Mart - Hwy. 123"}, {"code": "1638", "description": "Seneca", "url": "", "parent_station_id": null, "id": 4176698, "position": [34.696911, -82.951515], "location_type": "stop", "name": "Walnut @ Hwy. 123 (B)"}, {"code": "1639", "description": "Seneca", "url": "", "parent_station_id": null, "id": 4176700, "position": [34.677185, -82.949242], "location_type": "stop", "name": "Walnut St. @ 6th St."}, {"code": "1640", "description": "Seneca", "url": "", "parent_station_id": null, "id": 4176702, "position": [34.659061, -82.933632], "location_type": "stop", "name": "Wells Hwy. @ Walnut St."}, {"code": "1642", "description": "Clemson", "url": "", "parent_station_id": null, "id": 4176704, "position": [34.690609, -82.811623], "location_type": "stop", "name": "BI-LO - Hwy. 93 - Front Door"}, {"code": "4702", "description": "Clemson", "url": "", "parent_station_id": null, "id": 4176706, "position": [34.689384, -82.834709], "location_type": "stop", "name": "Clemson Post Office"}, {"code": "4703", "description": "Clemson University", "url": "", "parent_station_id": null, "id": 4176708, "position": [34.677456, -82.830139], "location_type": "stop", "name": "Cherry Rd. @ Bryan Circle by Hendrix Ctr."}, {"code": "4705", "description": "Clemson", "url": "", "parent_station_id": null, "id": 4176710, "position": [34.699436, -82.792084], "location_type": "stop", "name": "Issaqueena Trail @ Heritage Pointe Apts. (A)"}, {"code": "4706", "description": "Clemson", "url": "", "parent_station_id": null, "id": 4176712, "position": [34.702637, -82.793259], "location_type": "stop", "name": "Issaqueena Trail @ Hunter's Glen Apts. (A)"}, {"code": "4709", "description": "Clemson University", "url": "", "parent_station_id": null, "id": 4176714, "position": [34.676815, -82.827217], "location_type": "stop", "name": "Thornhill Village/Transfer Stop (A)"}, {"code": "4711", "description": "Clemson", "url": "", "parent_station_id": null, "id": 4176716, "position": [34.692612, -82.83268], "location_type": "stop", "name": "College Ave. @ Calhoun St."}, {"code": "4717", "description": "Clemson", "url": "", "parent_station_id": null, "id": 4176718, "position": [34.700562, -82.798454], "location_type": "stop", "name": "Hwy. 93 @ Cambridge Dr./7-11"}, {"code": "4718", "description": "Clemson", "url": "", "parent_station_id": null, "id": 4176720, "position": [34.683708, -82.819511], "location_type": "stop", "name": "Tillman Place Apts./Crawford Falls Apts. (B)"}, {"code": "4720", "description": "Seneca", "url": "", "parent_station_id": null, "id": 4176724, "position": [34.686634, -82.993896], "location_type": "stop", "name": "Dogwood Plaza/Skins/Jamison Inn/Los Amigos"}, {"code": "4721", "description": "Clemson", "url": "", "parent_station_id": null, "id": 4176726, "position": [34.696995, -82.802452], "location_type": "stop", "name": "C.E.V. @ Hwy. 93"}, {"code": "4722", "description": "Clemson", "url": "", "parent_station_id": null, "id": 4176728, "position": [34.691219, -82.8339], "location_type": "stop", "name": "Amtrak Station @ Sonic"}, {"code": "4724", "description": "Clemson", "url": "", "parent_station_id": null, "id": 4176730, "position": [34.683384, -82.837486], "location_type": "stop", "name": "Downtown Clemson/Tiger Town Tavern"}, {"code": "4726", "description": "Clemson", "url": "", "parent_station_id": null, "id": 4176732, "position": [34.69276, -82.847115], "location_type": "stop", "name": "Clemson Health Center"}, {"code": "4730", "description": "Clemson", "url": "", "parent_station_id": null, "id": 4176738, "position": [34.689461, -82.834389], "location_type": "stop", "name": "Victoria Square/Across from Clemson Post Office"}, {"code": "4731", "description": "Seneca", "url": "", "parent_station_id": null, "id": 4176740, "position": [34.696712, -82.951706], "location_type": "stop", "name": "Walnut @ Hwy. 123 (A)"}, {"code": "4733", "description": "Clemson University", "url": "", "parent_station_id": null, "id": 4176744, "position": [34.677498, -82.830391], "location_type": "stop", "name": "Hendrix Center/Cherry Rd. at Bryant Circle"}, {"code": "4734", "description": "Clemson University", "url": "", "parent_station_id": null, "id": 4176746, "position": [34.676971, -82.827301], "location_type": "stop", "name": "Thornhill Village/Transfer Stop (B)"}, {"code": "4735", "description": "Clemson", "url": "", "parent_station_id": null, "id": 4176748, "position": [34.683849, -82.819527], "location_type": "stop", "name": "Tillman Place Apts./Crawford Falls Apts. (A)"}, {"code": "4736", "description": "Clemson", "url": "", "parent_station_id": null, "id": 4176750, "position": [34.684093, -82.81694], "location_type": "stop", "name": "Kelly Rd. @ Hwy. 93 (B)"}, {"code": "4737", "description": "Clemson", "url": "", "parent_station_id": null, "id": 4176752, "position": [34.694416, -82.805305], "location_type": "stop", "name": "Hwy. 93 @ Raven Ln."}, {"code": "4739", "description": "Clemson", "url": "", "parent_station_id": null, "id": 4176754, "position": [34.700687, -82.79818], "location_type": "stop", "name": "Cambridge Dr. @ Hwy. 93/7-11"}, {"code": "4740", "description": "Clemson", "url": "", "parent_station_id": null, "id": 4176756, "position": [34.695683, -82.791451], "location_type": "stop", "name": "Cambridge Dr. @ Issaqueena Trail"}, {"code": "4741", "description": "Clemson", "url": "", "parent_station_id": null, "id": 4176758, "position": [34.696018, -82.791718], "location_type": "stop", "name": "Cambridge Dr. @ Issaqueena Trail"}, {"code": "4742", "description": "Clemson", "url": "", "parent_station_id": null, "id": 4176760, "position": [34.699406, -82.792175], "location_type": "stop", "name": "Issaqueena Trail @ Heritage Pointe Apts. (B)"}, {"code": "4743", "description": "Clemson", "url": "", "parent_station_id": null, "id": 4176762, "position": [34.703018, -82.793549], "location_type": "stop", "name": "Issaqueena Trail @ Hunter's Glen Apts. (B)"}, {"code": "4744", "description": "Central", "url": "", "parent_station_id": null, "id": 4176764, "position": [34.708202, -82.79261], "location_type": "stop", "name": "Hwy. 93 @ The Reserve Apts."}, {"code": "4745", "description": "Clemson", "url": "", "parent_station_id": null, "id": 4176766, "position": [34.711052, -82.788879], "location_type": "stop", "name": "University Village"}, {"code": "4746", "description": "Clemson", "url": "", "parent_station_id": null, "id": 4176768, "position": [34.705826, -82.792877], "location_type": "stop", "name": "Issaqueena Trail @ Heatherwood Apts. (B)"}, {"code": "4747", "description": "Clemson", "url": "", "parent_station_id": null, "id": 4176770, "position": [34.70586, -82.792999], "location_type": "stop", "name": "Issaqueena Trail @ Heatherwood Apts. (A)"}, {"code": "4748", "description": "Central", "url": "", "parent_station_id": null, "id": 4176772, "position": [34.713913, -82.787827], "location_type": "stop", "name": "Recreation Center/Library (B)"}, {"code": "4749", "description": "Central", "url": "", "parent_station_id": null, "id": 4176774, "position": [34.718925, -82.786507], "location_type": "stop", "name": "Dollar General - Hwy. 93 (B)"}, {"code": "4750", "description": "Central", "url": "", "parent_station_id": null, "id": 4176776, "position": [34.718998, -82.786705], "location_type": "stop", "name": "Dollar General - Hwy. 93 (A)"}, {"code": "4751", "description": "Central", "url": "", "parent_station_id": null, "id": 4176778, "position": [34.723603, -82.783283], "location_type": "stop", "name": "Downtown Central/Across from Villa Toscana"}, {"code": "4752", "description": "Central", "url": "", "parent_station_id": null, "id": 4176780, "position": [34.72551, -82.775442], "location_type": "stop", "name": "Timberland Crossing (A)"}, {"code": "4753", "description": "Central", "url": "", "parent_station_id": null, "id": 4176782, "position": [34.725339, -82.775015], "location_type": "stop", "name": "Timberland Crossing (B)"}, {"code": "4756", "description": "Clemson", "url": "", "parent_station_id": null, "id": 4176786, "position": [34.689297, -82.81295], "location_type": "stop", "name": "Courtyard-Marriot Hotel"}, {"code": "4757", "description": "Clemson", "url": "", "parent_station_id": null, "id": 4176788, "position": [34.689602, -82.812241], "location_type": "stop", "name": "BI-LO - Hwy. 93"}, {"code": "4759", "description": "Clemson", "url": "", "parent_station_id": null, "id": 4176790, "position": [34.69251, -82.82877], "location_type": "stop", "name": "Cochran Rd. @ Essex Dr."}, {"code": "4760", "description": "Clemson", "url": "", "parent_station_id": null, "id": 4176792, "position": [34.686741, -82.825394], "location_type": "stop", "name": "Clemson Community Care"}, {"code": "4761", "description": "Clemson", "url": "", "parent_station_id": null, "id": 4176794, "position": [34.69117, -82.834885], "location_type": "stop", "name": "Pizza Hut by Amtrak"}, {"code": "4762", "description": "Seneca", "url": "", "parent_station_id": null, "id": 4176796, "position": [34.69577, -82.878883], "location_type": "stop", "name": "7 Eleven by Food Lion Grocery"}, {"code": "4763", "description": "Seneca", "url": "", "parent_station_id": null, "id": 4176798, "position": [34.703163, -82.900276], "location_type": "stop", "name": "Hwy. 123 @ Garden  Cir./Blue Ridge Ortho (B)"}, {"code": "4764", "description": "Seneca", "url": "", "parent_station_id": null, "id": 4176800, "position": [34.702896, -82.90062], "location_type": "stop", "name": "Hwy. 123 @ Garden  Cir./Blue Ridge Ortho (A)"}, {"code": "4765", "description": "Seneca", "url": "", "parent_station_id": null, "id": 4176802, "position": [34.694913, -82.877798], "location_type": "stop", "name": "Roadrunner/Across from Food Lion Grocery"}, {"code": "4766", "description": "Clemson", "url": "", "parent_station_id": null, "id": 4176804, "position": [34.692528, -82.847496], "location_type": "stop", "name": "Ruby Tuesday's/Across from Clemson Health Ctr."}, {"code": "4767", "description": "Clemson", "url": "", "parent_station_id": null, "id": 4176806, "position": [34.690495, -82.831734], "location_type": "stop", "name": "Village Green Apts. by Amtrak"}, {"code": "4768", "description": "Clemson", "url": "", "parent_station_id": null, "id": 4176808, "position": [34.686668, -82.825699], "location_type": "stop", "name": "Clemson Community Care@ Stoney Creek Rd."}, {"code": "4772", "description": "Seneca", "url": "", "parent_station_id": null, "id": 4176810, "position": [34.679369, -82.928184], "location_type": "stop", "name": "Ann Hope UMC"}, {"code": "4773", "description": "Seneca", "url": "", "parent_station_id": null, "id": 4176812, "position": [34.666817, -82.941628], "location_type": "stop", "name": "Chesswood Dr. @ Walnut St."}, {"code": "4774", "description": "Seneca", "url": "", "parent_station_id": null, "id": 4176814, "position": [34.67474, -82.948395], "location_type": "stop", "name": "East S 8th St. @ Walnut St."}, {"code": "4775", "description": "Seneca", "url": "", "parent_station_id": null, "id": 4176816, "position": [34.687912, -82.966629], "location_type": "stop", "name": "Thrift Store/Pawn Shop"}, {"code": "4776", "description": "Seneca", "url": "", "parent_station_id": null, "id": 4176818, "position": [34.687077, -82.988297], "location_type": "stop", "name": "Employment Office/Food Bank"}, {"code": "4777", "description": "Seneca", "url": "", "parent_station_id": null, "id": 4176820, "position": [34.682648, -82.990166], "location_type": "stop", "name": "Morningside/Northwood Apts."}, {"code": "4778", "description": "Seneca", "url": "", "parent_station_id": null, "id": 4176822, "position": [34.693161, -82.975853], "location_type": "stop", "name": "Waffle House/Captain D's"}, {"code": "4779", "description": "Seneca", "url": "", "parent_station_id": null, "id": 4176824, "position": [34.690357, -82.943642], "location_type": "stop", "name": "Vinson St."}, {"code": "768648", "description": "", "url": "", "parent_station_id": null, "id": 4176826, "position": [34.699611, -82.939512], "location_type": "stop", "name": "Subway @ Hwy 123"}, {"code": "769972", "description": "", "url": "", "parent_station_id": null, "id": 4176832, "position": [34.652455, -82.771531], "location_type": "stop", "name": "Calhoun Blvd. @ Queen St."}, {"code": "769973", "description": "", "url": "", "parent_station_id": null, "id": 4176834, "position": [34.639467, -82.769867], "location_type": "stop", "name": "Villages @ Town Creek Apts."}, {"code": "769975", "description": "", "url": "", "parent_station_id": null, "id": 4176838, "position": [34.659536, -82.77627], "location_type": "stop", "name": "Central Rd. Apts."}, {"code": "770313", "description": "", "url": "", "parent_station_id": null, "id": 4176840, "position": [34.692226, -82.830188], "location_type": "stop", "name": "Cochran Rd @ Calhoun St."}, {"code": "770314", "description": "", "url": "", "parent_station_id": null, "id": 4176842, "position": [34.692559, -82.827079], "location_type": "stop", "name": "Cochran Rd @ The Lofts"}, {"code": "770315", "description": "", "url": "", "parent_station_id": null, "id": 4176844, "position": [34.694345, -82.826666], "location_type": "stop", "name": "Lindsay Rd @ The Lofts"}, {"code": "13596", "description": "Clemson University", "url": "", "parent_station_id": null, "id": 4178232, "position": [34.681431, -82.84535], "location_type": "stop", "name": "Ravenel @ Centennial"}, {"code": "13598", "description": "Clemson University", "url": "", "parent_station_id": null, "id": 4178234, "position": [34.679737, -82.843692], "location_type": "stop", "name": "Breezeway East"}, {"code": "13599", "description": "Clemson University", "url": "", "parent_station_id": null, "id": 4178236, "position": [34.678482, -82.839789], "location_type": "stop", "name": "Shoeboxes"}, {"code": "13601", "description": "Clemson University", "url": "", "parent_station_id": null, "id": 4178238, "position": [34.678572, -82.837252], "location_type": "stop", "name": "Brackett Hall"}, {"code": "13602", "description": "Clemson University", "url": "", "parent_station_id": null, "id": 4178240, "position": [34.67739, -82.838218], "location_type": "stop", "name": "Riggs/Sirrine"}, {"code": "13603", "description": "Clemson University", "url": "", "parent_station_id": null, "id": 4178242, "position": [34.675919, -82.838572], "location_type": "stop", "name": "Freeman/Flour Daniel"}, {"code": "13604", "description": "Clemson University", "url": "", "parent_station_id": null, "id": 4178244, "position": [34.674185, -82.841613], "location_type": "stop", "name": "C-2 Parking"}, {"code": "13605", "description": "Clemson University", "url": "", "parent_station_id": null, "id": 4178246, "position": [34.67531, -82.842804], "location_type": "stop", "name": "C-2/Nu Street"}, {"code": "13606", "description": "Clemson University", "url": "", "parent_station_id": null, "id": 4178248, "position": [34.674988, -82.841098], "location_type": "stop", "name": "Nu Street @ Williamson"}, {"code": "13607", "description": "Clemson University", "url": "", "parent_station_id": null, "id": 4178250, "position": [34.676486, -82.840903], "location_type": "stop", "name": "Earle Hall"}, {"code": "13608", "description": "Clemson University", "url": "", "parent_station_id": null, "id": 4178252, "position": [34.679857, -82.842273], "location_type": "stop", "name": "Fike"}, {"code": "13609", "description": "Clemson University", "url": "", "parent_station_id": null, "id": 4178254, "position": [34.679565, -82.844851], "location_type": "stop", "name": "Ave. of Champions @ Centennial"}, {"code": "13610", "description": "Clemson University", "url": "", "parent_station_id": null, "id": 4178256, "position": [34.67305, -82.829605], "location_type": "stop", "name": "C-1/R-5 East"}, {"code": "13611", "description": "Clemson University", "url": "", "parent_station_id": null, "id": 4178258, "position": [34.679913, -82.843552], "location_type": "stop", "name": "Breezeway West"}, {"code": "13612", "description": "Clemson University", "url": "", "parent_station_id": null, "id": 4178260, "position": [34.676362, -82.833374], "location_type": "stop", "name": "Edwards Hall"}, {"code": "13614", "description": "Clemson University", "url": "", "parent_station_id": null, "id": 4178262, "position": [34.673113, -82.829517], "location_type": "stop", "name": "C-1/R-5 West"}, {"code": "13949", "description": "Clemson University", "url": "", "parent_station_id": null, "id": 4178264, "position": [34.679585, -82.845111], "location_type": "stop", "name": "Centennial @ Ave. of Champions"}, {"code": "1627", "description": "Clemson University", "url": "", "parent_station_id": null, "id": 4178266, "position": [34.676175, -82.833368], "location_type": "stop", "name": "Redfern Health Center"}, {"code": "4727", "description": "Clemson", "url": "", "parent_station_id": null, "id": 4178268, "position": [34.662268, -82.818858], "location_type": "stop", "name": "Tiger Town Village West"}, {"code": "4729", "description": "Pendleton", "url": "", "parent_station_id": null, "id": 4178270, "position": [34.640794, -82.789736], "location_type": "stop", "name": "Tri-County Technical College (B)"}, {"code": "4754", "description": "Central", "url": "", "parent_station_id": null, "id": 4178272, "position": [34.724602, -82.770981], "location_type": "stop", "name": "Wesleyan Dr. @ Dunwoody Ave. (B)"}, {"code": "800845", "description": "", "url": "", "parent_station_id": null, "id": 4178274, "position": [34.63071, -82.781785], "location_type": "stop", "name": "Westinghouse Rd @ HWY 76"}, {"code": "300", "description": "", "url": "", "parent_station_id": null, "id": 4183254, "position": [34.682852, -82.930027], "location_type": "stop", "name": "6th St. @ Goddard St."}, {"code": "100", "description": "", "url": "", "parent_station_id": null, "id": 4185954, "position": [34.678098, -82.844665], "location_type": "stop", "name": "P-3/West End Zone"}, {"code": "101", "description": "", "url": "", "parent_station_id": null, "id": 4185956, "position": [34.699621, -82.937002], "location_type": "stop", "name": "Across from Ingles Hwy. 123"}, {"code": "102", "description": "", "url": "", "parent_station_id": null, "id": 4185958, "position": [34.701392, -82.91887], "location_type": "stop", "name": "Brookwood Dr"}, {"code": "103", "description": "", "url": "", "parent_station_id": null, "id": 4185960, "position": [34.699916, -82.937093], "location_type": "stop", "name": "Ingles Hwy. 123 (B)"}, {"code": "CAS", "description": "", "url": "", "parent_station_id": null, "id": 4192470, "position": [34.691, -82.8325], "location_type": "stop", "name": "Clemson Amtrak Station"}, {"code": "GAS", "description": "", "url": "", "parent_station_id": null, "id": 4192472, "position": [34.858025, -82.413221], "location_type": "stop", "name": "Greenville Amtrak Station"}, {"code": "104", "description": "", "url": "", "parent_station_id": null, "id": 4195748, "position": [34.672421, -82.810642], "location_type": "stop", "name": "Old Stone Church Rd @ Pendleton Rd."}, {"code": "105", "description": "", "url": "", "parent_station_id": null, "id": 4195750, "position": [34.660439, -82.784218], "location_type": "stop", "name": "Stephens @ Brown (A)"}, {"code": "106", "description": "", "url": "", "parent_station_id": null, "id": 4195752, "position": [34.647345, -82.765928], "location_type": "stop", "name": "Thomas St @ Sarrar"}, {"code": "107", "description": "", "url": "", "parent_station_id": null, "id": 4195754, "position": [34.648486, -82.774247], "location_type": "stop", "name": "Lebanon @ Cherry"}, {"code": "108", "description": "", "url": "", "parent_station_id": null, "id": 4195756, "position": [34.663022, -82.814742], "location_type": "stop", "name": "Dawson Park"}, {"code": "109", "description": "", "url": "", "parent_station_id": null, "id": 4195758, "position": [34.672421, -82.810642], "location_type": "stop", "name": "Pendleton Rd. & Old Stone Church (A)"}, {"code": "110", "description": "", "url": "", "parent_station_id": null, "id": 4195760, "position": [34.651244, -82.861596], "location_type": "stop", "name": "Pier #1"}, {"code": "111", "description": "", "url": "", "parent_station_id": null, "id": 4195762, "position": [34.644432, -82.864181], "location_type": "stop", "name": "Pier #2"}, {"code": "112", "description": "", "url": "", "parent_station_id": null, "id": 4195764, "position": [34.643212, -82.86125], "location_type": "stop", "name": "Pier #3"}, {"code": "113", "description": "", "url": "", "parent_station_id": null, "id": 4195766, "position": [34.645435, -82.860691], "location_type": "stop", "name": "Pier #4"}, {"code": "114", "description": "", "url": "", "parent_station_id": null, "id": 4195768, "position": [34.655138, -82.861604], "location_type": "stop", "name": "Highpointe"}, {"code": "115", "description": "", "url": "", "parent_station_id": null, "id": 4195770, "position": [34.674738, -82.836807], "location_type": "stop", "name": "Strom Thurmond Institute"}, {"code": "116", "description": "", "url": "", "parent_station_id": null, "id": 4195772, "position": [34.682386, -82.837687], "location_type": "stop", "name": "Palmetto Smokehouse"}, {"code": "4755", "description": "Central", "url": "", "parent_station_id": null, "id": 4209452, "position": [34.724761, -82.770892], "location_type": "stop", "name": "Wesleyan Dr. @ Dunwoody Ave. (A)"}, {"code": "4782", "description": "", "url": "", "parent_station_id": null, "id": 4209454, "position": [34.723603, -82.783012], "location_type": "stop", "name": "Downtown Central/Courtyard"}, {"code": "4783", "description": "", "url": "", "parent_station_id": null, "id": 4209456, "position": [34.723765, -82.780816], "location_type": "stop", "name": "Church @ Werner NB"}, {"code": "4784", "description": "", "url": "", "parent_station_id": null, "id": 4209458, "position": [34.706705, -82.761004], "location_type": "stop", "name": "Walmart"}, {"code": "4785", "description": "", "url": "", "parent_station_id": null, "id": 4209460, "position": [34.723765, -82.781045], "location_type": "stop", "name": "Church @ Werner SB"}, {"code": "4786", "description": "", "url": "", "parent_station_id": null, "id": 4209462, "position": [34.724576, -82.780709], "location_type": "stop", "name": "Downtown Central/Across from Caboose"}, {"code": "802586", "description": "", "url": "", "parent_station_id": null, "id": 4209464, "position": [34.723574, -82.783078], "location_type": "stop", "name": "Downtown Central/Across from Courtyard"}, {"code": "1616", "description": "Seneca", "url": "", "parent_station_id": null, "id": 4212874, "position": [34.685417, -82.9565], "location_type": "stop", "name": "Oak & North 1st St."}]}, "Arrivals": {"success": true, "arrivals": [{"distance": 659.76, "vehicle_id": 4012747, "timestamp": 1522898570, "route_id": 4006902, "stop_id": 4176744, "type": "vehicle-based"}, {"distance": 1187.38, "vehicle_id": 4012747, "timestamp": 1522898696, "route_id": 4006902, "stop_id": 4176714, "type": "vehicle-based"}, {"distance": 1165.76, "vehicle_id": 4012749, "timestamp": 1522898703, "route_id": 4006902, "stop_id": 4176730, "type": "vehicle-based"}, {"distance": 1903.11, "vehicle_id": 4012749, "timestamp": 1522898839, "route_id": 4006902, "stop_id": 4176738, "type": "vehicle-based"}, {"distance": 2334.57, "vehicle_id": 4012749, "timestamp": 1522898957, "route_id": 4006902, "stop_id": 4176716, "type": "vehicle-based"}, {"distance": 2896.64, "vehicle_id": 4012749, "timestamp": 1522899061, "route_id": 4006902, "stop_id": 4176842, "type": "vehicle-based"}, {"distance": 3716.48, "vehicle_id": 4012749, "timestamp": 1522899190, "route_id": 4006902, "stop_id": 4176684, "type": "vehicle-based"}, {"distance": 4068.34, "vehicle_id": 4012749, "timestamp": 1522899255, "route_id": 4006902, "stop_id": 4176844, "type": "vehicle-based"}, {"distance": 4724.03, "vehicle_id": 4012749, "timestamp": 1522899335, "route_id": 4006902, "stop_id": 4176690, "type": "vehicle-based"}, {"distance": 5158.64, "vehicle_id": 4012749, "timestamp": 1522899382, "route_id": 4006902, "stop_id": 4176638, "type": "vehicle-based"}, {"distance": 7083.82, "vehicle_id": 4012749, "timestamp": 1522899528, "route_id": 4006902, "stop_id": 4176688, "type": "vehicle-based"}, {"distance": 7664.74, "vehicle_id": 4012749, "timestamp": 1522899732, "route_id": 4006902, "stop_id": 4176686, "type": "vehicle-based"}, {"distance": 8128.78, "vehicle_id": 4012749, "timestamp": 1522900394, "route_id": 4006902, "stop_id": 4176688, "type": "vehicle-based"}, {"distance": 10054.0, "vehicle_id": 4012749, "timestamp": 1522900541, "route_id": 4006902, "stop_id": 4176638, "type": "vehicle-based"}, {"distance": 10868.2, "vehicle_id": 4012749, "timestamp": 1522900632, "route_id": 4006902, "stop_id": 4176634, "type": "vehicle-based"}, {"distance": 11964.5, "vehicle_id": 4012749, "timestamp": 1522900788, "route_id": 4006902, "stop_id": 4176844, "type": "vehicle-based"}, {"distance": 12316.4, "vehicle_id": 4012749, "timestamp": 1522900848, "route_id": 4006902, "stop_id": 4176684, "type": "vehicle-based"}, {"distance": 13136.2, "vehicle_id": 4012749, "timestamp": 1522900982, "route_id": 4006902, "stop_id": 4176842, "type": "vehicle-based"}, {"distance": 13292.9, "vehicle_id": 4012749, "timestamp": 1522900998, "route_id": 4006902, "stop_id": 4176790, "type": "vehicle-based"}, {"distance": 13445.6, "vehicle_id": 4012749, "timestamp": 1522901014, "route_id": 4006902, "stop_id": 4176840, "type": "vehicle-based"}, {"distance": 14131.3, "vehicle_id": 4012749, "timestamp": 1522901150, "route_id": 4006902, "stop_id": 4176654, "type": "vehicle-based"}, {"distance": 14589.3, "vehicle_id": 4012749, "timestamp": 1522901282, "route_id": 4006902, "stop_id": 4176728, "type": "vehicle-based"}, {"distance": 14808.4, "vehicle_id": 4012749, "timestamp": 1522901338, "route_id": 4006902, "stop_id": 4176706, "type": "vehicle-based"}, {"distance": 15529.5, "vehicle_id": 4012749, "timestamp": 1522901455, "route_id": 4006902, "stop_id": 4176628, "type": "vehicle-based"}, {"distance": 16030.8, "vehicle_id": 4012749, "timestamp": 1522901634, "route_id": 4006902, "stop_id": 4176678, "type": "vehicle-based"}, {"distance": 16690.6, "vehicle_id": 4012749, "timestamp": 1522901776, "route_id": 4006902, "stop_id": 4176744, "type": "vehicle-based"}, {"distance": 17218.2, "vehicle_id": 4012749, "timestamp": 1522901870, "route_id": 4006902, "stop_id": 4176714, "type": "vehicle-based"}]}}